<?xml version="1.0" encoding="UTF-8"?>
<project-private xmlns="http://www.netbeans.org/ns/project-private/1">
    <editor-bookmarks xmlns="http://www.netbeans.org/ns/editor-bookmarks/2" lastBookmarkId="0"/>
    <open-files xmlns="http://www.netbeans.org/ns/projectui-open-files/2">
        <group>
            <file>file:/D:/MARINA/Documents/GitHub/DBA/PRACTICA_3/src/practica3/Drone.java</file>
            <file>file:/D:/MARINA/Documents/GitHub/DBA/PRACTICA_3/src/practica3/Rescuer.java</file>
            <file>file:/D:/MARINA/Documents/GitHub/DBA/PRACTICA_3/src/practica3/Seeker.java</file>
            <file>file:/D:/MARINA/Documents/GitHub/DBA/PRACTICA_3/src/practica3/Main.java</file>
            <file>file:/D:/MARINA/Documents/GitHub/DBA/PRACTICA_3/src/practica3/Pantoja.java</file>
        </group>
    </open-files>
</project-private>
